Name,Mark,Attended
Alex Krausche,1.325,12.5
Avid Morvita,3.1,11.333333333333334
Frank Fester,2.2,11.6
Mariano Selina,1.6800000000000002,6.2
Michaela Martke,3.66,7.4
Otto Blacher,2.2600000000000002,11.8
Steve Queck,2.8000000000000003,8.333333333333334
Susanne Müller,2.433333333333333,12.0
Tanja Becker,1.6666666666666667,12.0
Ulrich Gester,4.4,8.6
